{
  "payload": [
    0.07692071795463562,
    0.07692050188779831
  ],
  "seq_ack": [
    0.07688942551612854,
    0.0768749788403511
  ],
  "ip_length": [
    0.07691715657711029,
    0.07692302763462067
  ],
  "ip_ttl": [
    0.07691764086484909,
    0.07691724598407745
  ],
  "tcp_flags": [
    0.0769171193242073,
    0.07691909372806549
  ],
  "tcp_wsize": [
    0.07691650837659836,
    0.0769210085272789
  ]
}